,Seizure Type,Sensitivity,Specificity,Precision,Accuracy,G-Mean,AUC
0,Absence,0.9,1.0,1.0,0.9964221824686941,0.9486832980505138,0.9490723562152132
1,Tonic-Clonic,0.25157232704402516,0.5482093663911846,0.19607843137254902,0.4578544061302682,0.37136815427599723,0.39733527383613143
2,General,0.19117647058823528,1.0,1.0,0.7940074906367042,0.4372373160976031,0.6946959060005913
