,Seizure Type,Sensitivity,Specificity,Precision,Accuracy,G-Mean,AUC
0,Absence,0.9,1.0,1.0,0.9964221824686941,0.9486832980505138,0.9481447124304268
1,Tonic-Clonic,0.24528301886792453,0.4738292011019284,0.16956521739130434,0.4042145593869732,0.34091385550320175,0.3831886619193652
2,General,0.20588235294117646,1.0,1.0,0.797752808988764,0.45374260648651504,0.7573621785397575
