,Seizure Type,Sensitivity,Specificity,Precision,Accuracy,G-Mean,AUC
0,Absence,0.8,0.5009276437847866,0.056140350877192984,0.5116279069767442,0.6330419536079969,0.6579777365491651
1,Tonic-Clonic,0.4528301886792453,0.6033057851239669,0.3333333333333333,0.5574712643678161,0.5226806601635134,0.5618621896494966
2,General,0.7426470588235294,0.9447236180904522,0.8211382113821138,0.8932584269662921,0.837613405083752,0.9063608483594443
