,Seizure Type,Sensitivity,Specificity,Precision,Accuracy,G-Mean,AUC
0,Absence,0.95,0.7699443413729128,0.13286713286713286,0.776386404293381,0.8552468206922883,0.9231910946196661
1,Tonic-Clonic,0.8113207547169812,0.8567493112947658,0.712707182320442,0.842911877394636,0.8337256730141654,0.9040144151636433
2,General,0.7941176470588235,0.42462311557788945,0.32047477744807124,0.5187265917602997,0.5806898564892454,0.6716302098728939
