,Model,Accuracy,Sensitivity,Specificity,ROC AUC,G-Mean
0,Combined,90.27863777089783,57.14285714285714,98.3076923076923,92.1112876125293,74.95053313741282
